INSERT INTO Productos (IdProducto, NombreProducto, DescripcionProducto, PrecioProducto, StockProducto)
VALUES
    (1, 'Cafe', 'Tarro de cafe de 500 gramos', 3000, 100),
    (2, 'Té verde', 'Caja de té verde con 25 bolsitas', 2500, 50),
    (3, 'Azúcar', 'Paquete de azúcar refinada de 1 kg', 1500, 200),
    (4, 'Leche', 'Botella de leche entera de 1 litro', 2000, 80),
    (5, 'Harina de trigo', 'Bolsa de harina de trigo de 2 kg', 1800, 120),
    (6, 'Arroz', 'Paquete de arroz blanco de 5 kg', 3500, 90),
    (7, 'Pasta', 'Paquete de pasta corta de trigo de 500 gramos', 1200, 150),
    (8, 'Aceite de oliva', 'Botella de aceite de oliva virgen extra de 750 ml', 5000, 40),
    (9, 'Sal', 'Bolsa de sal de mar de 1 kg', 1000, 100),
    (10, 'Miel', 'Frascos de miel de abeja pura de 500 gramos', 4000, 60),
    (11, 'Cereal', 'Caja de cereal de maíz de 500 gramos', 2800, 70),
    (12, 'Pan', 'Pan francés de 500 gramos', 2000, 150),
    (13, 'Yogur', 'Envase de yogur natural de 1 litro', 1800, 100),
    (14, 'Mantequilla', 'Tableta de mantequilla de 250 gramos', 2200, 80),
    (15, 'Huevos', 'Docena de huevos frescos', 3500, 50),
    (16, 'Queso', 'Cuña de queso cheddar de 500 gramos', 2800, 70),
    (17, 'Atún en lata', 'Lata de atún en agua de 200 gramos', 2400, 120),
    (18, 'Papas fritas', 'Bolsa de papas fritas de 150 gramos', 1500, 200),
    (19, 'Refresco de cola', 'Botella de refresco de cola de 2 litros', 3000, 90),
    (20, 'Agua mineral', 'Botella de agua mineral sin gas de 1.5 litros', 1000, 180),
    (21, 'Manzanas', 'Kilo de manzanas frescas', 2500, 60),
    (22, 'Plátanos', 'Kilo de plátanos maduros', 2000, 100),
    (23, 'Naranjas', 'Docena de naranjas', 1800, 120),
    (24, 'Pera', 'Kilo de peras jugosas', 2200, 80),
    (25, 'Fresas', 'Envase de fresas frescas de 500 gramos', 3000, 70),
    (26, 'Pimiento rojo', 'Kilo de pimientos rojos', 2800, 90),
    (27, 'Cebolla', 'Kilo de cebollas blancas', 1500, 150),
    (28, 'Zanahorias', 'Kilo de zanahorias frescas', 2000, 120),
    (29, 'Brócoli', 'Manojo de brócoli fresco', 2400, 100),
    (30, 'Espinacas', 'Manojo de espinacas frescas', 1800, 130),
    (31, 'Lechuga', 'Cabeza de lechuga iceberg', 1600, 160),
    (32, 'Tomates', 'Kilo de tomates rojos', 3000, 80),
    (33, 'Pollo entero', 'Pollo entero fresco de 2 kilos', 6000, 40),
    (34, 'Pechuga de pollo', 'Kilo de pechuga de pollo sin hueso', 8000, 60),
    (35, 'Carne molida', 'Kilo de carne molida de res', 7000, 50),
    (36, 'Filete de res', 'Filete de res de 300 gramos', 10000, 30),
    (37, 'Salchichas', 'Paquete de salchichas de 500 gramos', 3200, 70),
    (38, 'Jamón', 'Rebanadas de jamón de pavo de 200 gramos', 2800, 80),
    (39, 'Pan integral', 'Pan integral de 500 gramos', 2200, 100),
    (40, 'Galletas', 'Paquete de galletas de avena de 300 gramos', 1800, 120),
    (41, 'Chocolate', 'Tableta de chocolate negro de 100 gramos', 2500, 80),
    (42, 'Helado', 'Envase de helado de vainilla de 1 litro', 3500, 40),
    (43, 'Pizza congelada', 'Pizza congelada de pepperoni de 500 gramos', 4000, 60),
    (44, 'Salsa de tomate', 'Frascos de salsa de tomate de 500 gramos', 2000, 100),
    (45, 'Mayonesa', 'Frascos de mayonesa de 250 gramos', 1800, 150),
    (46, 'Vinagre', 'Botella de vinagre de vino de 500 ml', 1500, 200),
    (47, 'Cerveza', 'Six pack de cerveza lager', 5000, 30),
    (48, 'Vino tinto', 'Botella de vino tinto reserva', 8000, 20),
    (49, 'Whisky', 'Botella de whisky escocés de 750 ml', 12000, 15),
    (50, 'Vodka', 'Botella de vodka ruso de 700 ml', 10000, 25),
    (51, 'Camiseta', 'Camiseta básica de algodón', 1500, 50),
    (52, 'Pantalón Vaquero', 'Pantalón vaquero estilo slim fit', 2500, 30),
    (53, 'Zapatillas Deportivas', 'Zapatillas deportivas para correr', 3500, 20),
    (54, 'Televisor LED', 'Televisor LED de 32 pulgadas', 15000, 10),
    (55, 'Smartphone', 'Smartphone de última generación', 20000, 15),
    (56, 'Laptop', 'Laptop ultradelgada con pantalla táctil', 30000, 8),
    (57, 'Gorra', 'Gorra ajustable con diseño urbano', 1000, 40),
    (58, 'Chaqueta de Cuero', 'Chaqueta de cuero genuino', 8000, 12),
    (59, 'Reloj Inteligente', 'Reloj inteligente con monitor de actividad', 5000, 25),
    (60, 'Cámara Digital', 'Cámara digital compacta de 20 megapíxeles', 6000, 18),
    (61, 'Botas de Senderismo', 'Botas de senderismo impermeables', 4000, 22),
    (62, 'Sudadera con Capucha', 'Sudadera con capucha y bolsillo canguro', 2000, 35),
    (63, 'Auriculares Inalámbricos', 'Auriculares inalámbricos con cancelación de ruido', 3000, 28),
    (64, 'Chaqueta Impermeable', 'Chaqueta impermeable con forro polar desmontable', 7000, 14),
    (65, 'Altavoz Bluetooth', 'Altavoz Bluetooth portátil resistente al agua', 2500, 20),
    (66, 'Mochila', 'Mochila urbana con compartimento para laptop', 1500, 45),
    (67, 'Jersey de Lana', 'Jersey de lana merina de alta calidad', 3500, 16),
    (68, 'Tabla de Skate', 'Tabla de skate profesional con diseño personalizado', 4500, 8),
    (69, 'Cargador Inalámbrico', 'Cargador inalámbrico rápido para smartphones', 1200, 30),
    (70, 'Gafas de Sol', 'Gafas de sol polarizadas con montura de acetato', 1800, 38),
    (71, 'Maleta de Viaje', 'Maleta de viaje rígida con ruedas giratorias', 9000, 10),
    (72, 'Teclado Mecánico', 'Teclado mecánico para gaming con retroiluminación RGB', 4000, 20),
    (73, 'Cámara de Seguridad', 'Cámara de seguridad con visión nocturna', 7000, 12),
    (74, 'Plancha de Pelo', 'Plancha de pelo profesional con placas de cerámica', 3000, 25),
    (75, 'Mochila Térmica', 'Mochila térmica para mantener la comida caliente o fría', 2500, 18),
    (76, 'Caja de Herramientas', 'Caja de herramientas de acero inoxidable con 150 piezas', 6000, 15),
    (77, 'Smartwatch', 'Smartwatch con pantalla táctil y GPS integrado', 4000, 20),
    (78, 'Saco de Dormir', 'Saco de dormir ultraligero para actividades al aire libre', 3500, 22),
    (79, 'Estuche para Cámara', 'Estuche acolchado para proteger la cámara y sus accesorios', 1500, 28),
    (80, 'Plancha de Vapor', 'Plancha de vapor vertical portátil para ropa', 2000, 30),
    (81, 'Bicicleta de Montaña', 'Bicicleta de montaña con cuadro de aluminio y suspensión delantera', 10000, 8),
    (82, 'Máquina de Café', 'Máquina de café espresso automática', 12000, 10),
    (83, 'Parlante Inteligente', 'Parlante inteligente con asistente virtual integrado', 6000, 18),
    (84, 'Estabilizador de Cámara', 'Estabilizador de cámara de 3 ejes para grabación suave', 8000, 14),
    (85, 'Mesa de Escritorio', 'Mesa de escritorio de madera con diseño moderno', 5000, 25),
    (86, 'Aspiradora Robot', 'Aspiradora robot con mapeo inteligente', 7000, 16),
    (87, 'Máquina de Coser', 'Máquina de coser electrónica con 200 puntadas', 9000, 12),
    (88, 'Bolso de Viaje', 'Bolso de viaje de cuero genuino con capacidad para portátil', 8000, 14),
    (89, 'Cepillo Eléctrico', 'Cepillo eléctrico recargable con cabezales intercambiables', 3000, 28),
    (90, 'Portátil Convertible', 'Portátil convertible con pantalla táctil y lápiz óptico', 25000, 10),
    (91, 'Robot de Cocina', 'Robot de cocina multifunción con pantalla LCD', 15000, 12),
    (92, 'Lámpara LED', 'Lámpara LED de pie regulable con control táctil', 4000, 20),
    (93, 'Silla de Oficina', 'Silla de oficina ergonómica con soporte lumbar ajustable', 7000, 16),
    (94, 'Afeitadora Eléctrica', 'Afeitadora eléctrica recargable con cabezales flotantes', 3500, 22),
    (95, 'Patinete Eléctrico', 'Patinete eléctrico plegable con motor de 250W', 12000, 8),
    (96, 'Bicicleta Eléctrica', 'Bicicleta eléctrica urbana con batería de larga duración', 20000, 6),
    (97, 'Robot Aspirador', 'Robot aspirador con función de mapeo y limpieza programable', 9000, 12),
    (98, 'Manta Eléctrica', 'Manta eléctrica con ajuste de temperatura y temporizador', 2500, 20),
    (99, 'Escáner Portátil', 'Escáner portátil de documentos con alimentación USB', 6000, 18),
    (100, 'Altavoz Inteligente', 'Altavoz inteligente con asistente de voz y control por WiFi', 4500, 14);


INSERT INTO
	TipoDocumento (IdTipoDocumento,NombreDocumento,RutDocumento,TipoDocumento)
VALUES
	(1, 'Carlos Pérez', '12345678-9', 0),
	(2, 'María González', '18765432-1', 0),
	(3, 'Pedro Rodríguez', '15678912-3', 0),
	(4, 'Ana Martínez', '18912345-6', 0),
	(5, 'Empresa ABC', '24725836-k', 1),
	(6, 'Empresa XYZ', '16985214-7', 1),
	(7, 'Compañía S.A.', '15175382-0', 1),
	(8, 'Juanita Pérez', '15395182-4', 0),
	(9, 'Pablo González', '20681357-1', 0),
	(10, 'Inversiones SRL', '21429751-3', 1);


INSERT INTO
	Venta (IdVenta, FechaVenta, MontoVenta, IdTipoDocumento)
VALUES
	(1, '2024/03/01', 149600, 1),
	(2, '2023/05/12', 91400, 2),
	(9, '2023/03/09', 40000, 9),
	(13, '2019/11/04', 310000, 3);



INSERT INTO
	Comuna (
		IdComuna,
		NombreComuna,
		ProvinciaComuna,
		RegionComuna
	)
VALUES
	(1, 'Santiago', 'Santiago', 'Metropolitana'),
	(2, 'Providencia', 'Santiago', 'Metropolitana'),
	(3, 'Las Condes', 'Santiago', 'Metropolitana'),
	(4, 'Ñuñoa', 'Santiago', 'Metropolitana'),
	(5, 'La Reina', 'Santiago', 'Metropolitana'),
	(6, 'Maipú', 'Maipo', 'Metropolitana'),
	(7, 'Puente Alto', 'Cordillera', 'Metropolitana'),
	(8, 'San Bernardo', 'Maipo', 'Metropolitana'),
	(9, 'La Florida', 'Santiago', 'Metropolitana'),
	(10, 'Peñalolén', 'Santiago', 'Metropolitana'),
	(11, 'Rancagua', 'Cachapoal', 'O''Higgins'),
	(12, 'San Fernando', 'Colchagua', 'O''Higgins'),
	(13, 'Talca', 'Talca', 'Maule'),
	(14, 'Curicó', 'Curicó', 'Maule'),
	(15, 'Linares', 'Linares', 'Maule'),
	(16, 'Concepción', 'Concepción', 'Biobío'),
	(17, 'Talcahuano', 'Concepción', 'Biobío'),
	(18, 'Chillán', 'Diguillín', 'Biobío'),
	(19, 'Los Ángeles', 'Bío-Bío', 'Biobío'),
	(20, 'Valdivia', 'Valdivia', 'Los Ríos');

INSERT INTO
	Tienda (
		idTienda,
		NombreTienda,
		DireccionTienda,
		IdComuna
	)
VALUES
	(
		1,
		'Tienda Central',
		'Av. Libertador Bernardo O Higgins 123 ',
		1
	),
	(
		2,
		' Tienda Providencia ',
		' Av.Providencia 456 ',
		2
	),
	(
		3,
		' Tienda Las Condes ',
		' Av.Las Condes 789 ',
		3
	),
	(4, ' Tienda Ñuñoa ', ' Av.Irarrázaval 1011 ', 4),
	(5, ' Tienda La Reina ', ' Av.Larraín 1213 ', 5),
	(6, ' Tienda Maipú ', ' Av.Pajaritos 1415 ', 6),
	(
		7,
		' Tienda Puente Alto ',
		' Av.Concha y Toro 1617 ',
		7
	),
	(
		8,
		' Tienda San Bernardo ',
		' Av.Bernardo O Higgins 1819',
		8
	),
	(
		9,
		'Tienda La Florida',
		'Av. Vicuña Mackenna 2021',
		9
	),
	(10, 'Tienda Peñalolén', 'Av. Tobalaba 2223', 10),
	(
		11,
		'Tienda Rancagua',
		'Av. Independencia 2425',
		11
	),
	(
		12,
		'Tienda San Fernando',
		'Av. Manso de Velasco 2627',
		12
	),
	(13, 'Tienda Talca', 'Av. 5 de Abril 2829', 13),
	(14, 'Tienda Curicó', 'Av. Freire 3031', 14),
	(
		15,
		'Tienda Linares',
		'Av. Valentín Letelier 3233',
		15
	),
	(
		16,
		'Tienda Concepción',
		'Av. Pedro de Valdivia 3435',
		2
	),
	(17, 'Tienda Talcahuano', 'Av. Colón 3637', 17),
	(18, 'Tienda Chillán', 'Av. O Higgins 3839 ', 18),
	(
		19,
		' Tienda Los Ángeles ',
		' Av.Alemania 4041 ',
		19
	),
	(20, ' Tienda Valdivia ', ' Av.Picarte 4243 ', 20);

INSERT INTO
	Empleado (
		IdEmpleado,
		RutEmpleado,
		NombreEmpleado,
		ApellidoPatEmpleado,
		ApellidoMatEmpleado,
		TelefonoEmpleado,
		CorreoEmpleado,
		FechaInicioContrato,
		FechaTerminoContrato,
		HorasExtras,
		IdComuna,
		IdTienda
	)
VALUES
	(
		1,
		'11222333-4',
		'Juan',
		'Pérez',
		'González',
		'+56912345678',
		'juan.perez@example.com',
		'2023/01/01',
		'2024/01/01',
		10,
		1,
		1
	),
	(
		2,
		'44555666-7',
		'María',
		'García',
		'López',
		'+56923456789',
		'maria.garcia@example.com',
		'2023/02/01',
		'2024/02/01',
		8,
		2,
		2
	),
	(
		3,
		'77888999-0',
		'Pedro',
		'Martínez',
		'Rodríguez',
		'+56934567890',
		'pedro.martinez@example.com',
		'2023/03/01',
		'2024/03/01',
		6,
		3,
		3
	),
	(
		4,
		'11222333-4',
		'Ana',
		'Hernández',
		'Martínez',
		'+56945678901',
		'ana.hernandez@example.com',
		'2023/04/01',
		'2024/04/01',
		9,
		4,
		4
	),
	(
		5,
		'44555666-7',
		'Carlos',
		'López',
		'Gómez',
		'+56956789012',
		'carlos.lopez@example.com',
		'2023/05/01',
		'2024/05/01',
		7,
		5,
		5
	),
	(
		6,
		'77888999-0',
		'Laura',
		'Díaz',
		'Pérez',
		'+56967890123',
		'laura.diaz@example.com',
		'2023/06/01',
		'2024/06/01',
		5,
		6,
		6
	),
	(
		7,
		'11222333-4',
		'Javier',
		'Gómez',
		'Hernández',
		'+56978901234',
		'javier.gomez@example.com',
		'2023/07/01',
		'2024/07/01',
		8,
		7,
		7
	),
	(
		8,
		'44555666-7',
		'Sofía',
		'Pérez',
		'Díaz',
		'+56989012345',
		'sofia.perez@example.com',
		'2023/08/01',
		'2024/08/01',
		10,
		8,
		8
	),
	(
		9,
		'77888999-0',
		'Diego',
		'Fernández',
		'García',
		'+56990123456',
		'diego.fernandez@example.com',
		'2023/09/01',
		'2024/09/01',
		6,
		9,
		9
	),
	(
		10,
		'11222333-4',
		'Valentina',
		'Ruiz',
		'López',
		'+56901234567',
		'valentina.ruiz@example.com',
		'2023/10/01',
		'2024/10/01',
		7,
		10,
		10
	),
	(
		11,
		'23456789-0',
		'Roberto',
		'Sánchez',
		'González',
		'+56912340987',
		'roberto.sanchez@example.com',
		'2023/11/01',
		'2024/11/01',
		8,
		1,
		1
	),
	(
		12,
		'45678901-2',
		'Paula',
		'Torres',
		'Rodríguez',
		'+56923409876',
		'paula.torres@example.com',
		'2023/12/01',
		'2024/12/01',
		7,
		2,
		2
	),
	(
		13,
		'67890123-4',
		'Luis',
		'Vargas',
		'López',
		'+56934598765',
		'luis.vargas@example.com',
		'2024/01/01',
		'2025/01/01',
		6,
		3,
		3
	),
	(
		14,
		'89012345-6',
		'Carmen',
		'Gómez',
		'Martínez',
		'+56945687654',
		'carmen.gomez@example.com',
		'2024/02/01',
		'2025/02/01',
		9,
		4,
		4
	),
	(
		15,
		'01234567-8',
		'Mario',
		'Hernández',
		'García',
		'+56956776543',
		'mario.hernandez@example.com',
		'2024/03/01',
		'2025/03/01',
		5,
		5,
		5
	),
	(
		16,
		'23456789-0',
		'Fernanda',
		'López',
		'Díaz',
		'+56967865432',
		'fernanda.lopez@example.com',
		'2024/04/01',
		'2025/04/01',
		8,
		6,
		6
	),
	(
		17,
		'45678901-2',
		'José',
		'Martínez',
		'Pérez',
		'+56978954321',
		'jose.martinez@example.com',
		'2024/05/01',
		'2025/05/01',
		10,
		7,
		7
	),
	(
		18,
		'67890123-4',
		'Carolina',
		'García',
		'Hernández',
		'+56989043210',
		'carolina.garcia@example.com',
		'2024/06/01',
		'2025/06/01',
		6,
		8,
		8
	),
	(
		19,
		'89012345-6',
		'Andrés',
		'Pérez',
		'López',
		'+56990132109',
		'andres.perez@example.com',
		'2024/07/01',
		'2025/07/01',
		7,
		9,
		9
	),
	(
		20,
		'01234567-8',
		'Camila',
		'Díaz',
		'Martínez',
		'+56901231098',
		'camila.diaz@example.com',
		'2024/08/01',
		'2025/08/01',
		9,
		10,
		10
	),
	(
		21,
		'12345678-9',
		'Ana',
		'López',
		'Fernández',
		'+56945678901',
		'ana.lopez@example.com',
		'2023/04/01',
		'2024/04/01',
		5,
		4,
		4
	),
	(
		22,
		'23456789-0',
		'Carlos',
		'Sánchez',
		'Gómez',
		'+56956789012',
		'carlos.sanchez@example.com',
		'2023/05/01',
		'2024/05/01',
		7,
		5,
		5
	),
	(
		23,
		'34567890-1',
		'Luisa',
		'Hernández',
		'Díaz',
		'+56967890123',
		'luisa.hernandez@example.com',
		'2023/06/01',
		'2024/06/01',
		9,
		6,
		6
	),
	(
		24,
		'45678901-2',
		'Javier',
		'Martín',
		'López',
		'+56978901234',
		'javier.martin@example.com',
		'2023/07/01',
		'2024/07/01',
		8,
		7,
		7
	),
	(
		25,
		'56789012-3',
		'Laura',
		'Gómez',
		'Muñoz',
		'+56989012345',
		'laura.gomez@example.com',
		'2023/08/01',
		'2024/08/01',
		6,
		8,
		8
	),
	(
		26,
		'67890123-4',
		'Pablo',
		'Díaz',
		'García',
		'+56990123456',
		'pablo.diaz@example.com',
		'2023/09/01',
		'2024/09/01',
		4,
		9,
		9
	),
	(
		27,
		'78901234-5',
		'Lucía',
		'López',
		'Hernández',
		'+56901234567',
		'lucia.lopez@example.com',
		'2023/10/01',
		'2024/10/01',
		7,
		10,
		10
	),
	(
		28,
		'89012345-6',
		'Diego',
		'Muñoz',
		'Martínez',
		'+56912345678',
		'diego.munoz@example.com',
		'2023/11/01',
		'2024/11/01',
		5,
		11,
		11
	),
	(
		29,
		'90123456-7',
		'Sofía',
		'García',
		'Pérez',
		'+56923456789',
		'sofia.garcia@example.com',
		'2023/12/01',
		'2024/12/01',
		6,
		12,
		12
	),
	(
		30,
		'01234567-8',
		'Miguel',
		'Hernández',
		'Sánchez',
		'+56934567890',
		'miguel.hernandez@example.com',
		'2024/01/01',
		'2025/01/01',
		8,
		13,
		13
	),
	(
		31,
		'12345678-9',
		'Elena',
		'Martínez',
		'Gómez',
		'+56945678901',
		'elena.martinez@example.com',
		'2024/02/01',
		'2025/02/01',
		9,
		14,
		14
	),
	(
		32,
		'23456789-0',
		'Adrián',
		'Gómez',
		'Hernández',
		'+56956789012',
		'adrian.gomez@example.com',
		'2024/03/01',
		'2025/03/01',
		7,
		15,
		15
	),
	(
		33,
		'34567890-1',
		'Carmen',
		'Sánchez',
		'López',
		'+56967890123',
		'carmen.sanchez@example.com',
		'2024/04/01',
		'2025/04/01',
		6,
		16,
		16
	),
	(
		34,
		'45678901-2',
		'Jorge',
		'López',
		'Muñoz',
		'+56978901234',
		'jorge.lopez@example.com',
		'2024/05/01',
		'2025/05/01',
		5,
		17,
		17
	),
	(
		35,
		'56789012-3',
		'Isabel',
		'Muñoz',
		'Martínez',
		'+56989012345',
		'isabel.munoz@example.com',
		'2024/06/01',
		'2025/06/01',
		4,
		18,
		18
	),
	(
		36,
		'67890123-4',
		'Daniel',
		'Martínez',
		'Sánchez',
		'+56990123456',
		'daniel.martinez@example.com',
		'2024/07/01',
		'2025/07/01',
		8,
		19,
		19
	),
	(
		37,
		'78901234-5',
		'Natalia',
		'Sánchez',
		'Gómez',
		'+56901234567',
		'natalia.sanchez@example.com',
		'2024/08/01',
		'2025/08/01',
		7,
		20,
		1
	),
	(
		38,
		'89012345-6',
		'Joaquín',
		'Gómez',
		'Hernández',
		'+56912345678',
		'joaquin.gomez@example.com',
		'2024/09/01',
		'2025/09/01',
		6,
		11,
		1
	),
	(
		39,
		'90123456-7',
		'Valeria',
		'Hernández',
		'López',
		'+56923456789',
		'valeria.hernandez@example.com',
		'2024/10/01',
		'2025/10/01',
		5,
		12,
		2
	),
	(
		40,
		'01234567-8',
		'Andrés',
		'López',
		'Martínez',
		'+56934567890',
		'andres.lopez@example.com',
		'2024/11/01',
		'2025/11/01',
		9,
		13,
		3
	),
	(
		41,
		'12345678-9',
		'Lucas',
		'Martínez',
		'Muñoz',
		'+56945678901',
		'lucas.martinez@example.com',
		'2024/12/01',
		'2025/12/01',
		7,
		14,
		4
	),
	(
		42,
		'23456789-0',
		'Sara',
		'Muñoz',
		'Sánchez',
		'+56956789012',
		'sara.munoz@example.com',
		'2025/01/01',
		'2026/01/01',
		6,
		15,
		5
	),
	(
		43,
		'34567890-1',
		'Gabriel',
		'Sánchez',
		'Gómez',
		'+56967890123',
		'gabriel.sanchez@example.com',
		'2025/02/01',
		'2026/02/01',
		8,
		16,
		6
	),
	(
		44,
		'45678901-2',
		'Paula',
		'Gómez',
		'Hernández',
		'+56978901234',
		'paula.gomez@example.com',
		'2025/03/01',
		'2026/03/01',
		5,
		17,
		7
	),
	(
		45,
		'56789012-3',
		'Mateo',
		'Hernández',
		'López',
		'+56989012345',
		'mateo.hernandez@example.com',
		'2025/04/01',
		'2026/04/01',
		9,
		9,
		18
	),
	(
		46,
		'67890123-4',
		'Emma',
		'López',
		'Martínez',
		'+56990123456',
		'emma.lopez@example.com',
		'2025/05/01',
		'2026/05/01',
		7,
		9,
		4
	),
	(
		47,
		'78901234-5',
		'Mario',
		'Martínez',
		'Muñoz',
		'+56901234567',
		'mario.martinez@example.com',
		'2025/06/01',
		'2026/06/01',
		6,
		1,
		6
	),
	(
		48,
		'89012345-6',
		'Carla',
		'Muñoz',
		'Sánchez',
		'+56912345678',
		'carla.munoz@example.com',
		'2025/07/01',
		'2026/07/01',
		8,
		11,
		8
	),
	(
		49,
		'90123456-7',
		'Alejandro',
		'Sánchez',
		'Gómez',
		'+56923456789',
		'alejandro.sanchez@example.com',
		'2025/08/01',
		'2026/08/01',
		5,
		3,
		9
	),
	(
		50,
		'01234567-8',
		'Marta',
		'Gómez',
		'Hernández',
		'+56934567890',
		'marta.gomez@example.com',
		'2025/09/01',
		'2026/09/01',
		7,
		7,
		11
	);

INSERT INTO
	Vendedor (IdVendedor, ComisionVendedor, IdEmpleado)
VALUES
	(1, 0.05, 1),
	(2, 0.07, 2),
	(3, 0.06, 3),
	(4, 0.08, 4),
	(5, 0.05, 5),
	(6, 0.07, 6),
	(7, 0.06, 7),
	(8, 0.08, 8),
	(9, 0.05, 9),
	(10, 0.07, 10),
	(11, 0.06, 11),
	(12, 0.08, 12),
	(13, 0.05, 13),
	(14, 0.07, 14),
	(15, 0.06, 15),
	(16, 0.09, 16),
	(17, 0.07, 17),
	(18, 0.06, 18),
	(19, 0.08, 19),
	(20, 0.05, 20),
	(21, 0.07, 21),
	(22, 0.06, 22),
	(23, 0.08, 23),
	(24, 0.05, 24),
	(25, 0.07, 25),
	(26, 0.06, 26),
	(27, 0.08, 27),
	(28, 0.05, 28),
	(29, 0.07, 29),
	(30, 0.06, 30),
	(31, 0.08, 31),
	(32, 0.05, 32),
	(33, 0.07, 33),
	(34, 0.06, 34),
	(35, 0.08, 35),
	(36, 0.05, 36),
	(37, 0.07, 37),
	(38, 0.06, 38),
	(39, 0.08, 39),
	(40, 0.05, 40),
	(41, 0.07, 41),
	(42, 0.06, 42),
	(43, 0.08, 43),
	(44, 0.05, 44),
	(45, 0.07, 45),
	(46, 0.06, 46),
	(47, 0.08, 47),
	(48, 0.05, 48),
	(49, 0.07, 49),
	(50, 0.06, 50),
	(51, 0.08, 1),
	(52, 0.05, 2),
	(53, 0.07, 3),
	(54, 0.06, 4),
	(55, 0.08, 5),
	(56, 0.05, 6),
	(57, 0.07, 7),
	(58, 0.06, 8),
	(59, 0.08, 9),
	(60, 0.05, 10),
	(61, 0.07, 11),
	(62, 0.06, 12),
	(63, 0.08, 13),
	(64, 0.05, 14),
	(65, 0.07, 15),
	(66, 0.06, 16),
	(67, 0.08, 17),
	(68, 0.05, 18),
	(69, 0.07, 19),
	(70, 0.06, 20),
	(71, 0.08, 21),
	(72, 0.05, 22),
	(73, 0.07, 23),
	(74, 0.06, 24),
	(75, 0.08, 25);

INSERT INTO
	Sueldo(MontoSueldo, FechaPago, IdEmpleado)
VALUES
	(713931, ' 2020-04-13 ', 1),
	(873121, ' 2023-12-15 ', 3),
	(645434, ' 2021-04-24 ', 5),
	(7000001, ' 2020-08-12 ', 2),
	(600000, ' 2023-01-23 ', 6),
	(630000, ' 2022-07-02 ', 8),
	(620000, ' 2019-06-22 ', 8),
	(690000, ' 2022-10-05 ', 8),
	(680000, ' 2024-11-12 ', 8);

INSERT INTO
	Producto_Venta(
		IdProducto,
		IdVenta,
		CantidadVendida
	)
VALUES
	(10, 1, 20),
	(13, 1, 20),
	(26, 1, 12),
	(14, 2, 2),
	(17, 2, 15),
	(24, 2, 17),
	(13, 2, 10),
	(44, 9, 20),
	(96, 13, 6),
	(98, 13, 12),
	(90, 13, 3),
	(86, 13, 1);

INSERT INTO
	Venta_Vendedor(IdVenta, IdVendedor)
VALUES
	(1, 9),
	(2, 9),
	(1, 9),
	(1, 9),
	(1, 9),
	(9, 2),
	(9, 2),
	(9, 2),
	(13, 5),
	(13, 5),
	(13, 5);

INSERT INTO
	Tienda_Empleado(IdTienda, IdEmpleado)
VALUES
	(1, 20),
	(3, 13),
	(4, 20),
	(5, 11),
	(6, 9),
	(9, 6),
	(11, 2),
	(3, 4),
	(5, 2),
	(3, 1),
	(6, 2);
